Week	Diet	Date	Mass(g)	Glucose (mg/dl)	mouse_id	sex	genotype	time	glucose (mg/dl) 			
17	HFD	12/7/22	32.75	131	232LC			0	113			
17	HFD	12/7/22		0	232LC			20	140			
17	HFD	12/7/22		0	232LC			40	194			
17	HFD	12/7/22		0	232LC			60	170			
17	HFD	12/7/22		0	232LC			90	159			
17	HFD	12/7/22		0	232LC			120	140			
17	HFD	12/7/22		0	232LC							
17	HFD	12/7/22	31.31	125.24	232RC			0	121			
17	HFD	12/7/22		0	232RC			20	191			
17	HFD	12/7/22		0	232RC			40	154			
17	HFD	12/7/22		0	232RC			60	156			
17	HFD	12/7/22		0	232RC			90	155			
17	HFD	12/7/22		0	232RC			120	143			
17	HFD	12/7/22		0	232RC							
17	HFD	12/7/22	25.9	103.6	232BC			0	152			
17	HFD	12/7/22		0	232BC			20	171			
17	HFD	12/7/22		0	232BC			40	175			
17	HFD	12/7/22		0	232BC			60	172			
17	HFD	12/7/22		0	232BC			90	165			
17	HFD	12/7/22		0	232BC			120	158			
17	HFD	12/7/22		0	232BC							
17	HFD	12/7/22	27.09	108.36	232LP			0	161			
17	HFD	12/7/22		0	232LP			20	157			
17	HFD	12/7/22		0	232LP			40	212			
17	HFD	12/7/22		0	232LP			60	141			
17	HFD	12/7/22		0	232LP			90	160			
17	HFD	12/7/22		0	232LP			120	117			
17	HFD	12/7/22		0	232LP							
17	HFD	12/7/22	26.39	105.56	232RP			0	145			
17	HFD	12/7/22		0	232RP			20	186			
17	HFD	12/7/22		0	232RP			40	172			
17	HFD	12/7/22		0	232RP			60	134			
17	HFD	12/7/22		0	232RP			90	126			
17	HFD	12/7/22		0	232RP			120	104			
17	HFD	12/7/22		0	232RP							
17	HFD	12/7/22	24.13	96.52	233LC			0	128			
17	HFD	12/7/22		0	233LC			20	156			
17	HFD	12/7/22		0	233LC			40	159			
17	HFD	12/7/22		0	233LC			60	145			
17	HFD	12/7/22		0	233LC			90	143			
17	HFD	12/7/22		0	233LC			120	129			
17	HFD	12/7/22		0	233LC							
17	HFD	12/7/22	39.9	159.6	233RC			0	184			
17	HFD	12/7/22		0	233RC			20	196			
17	HFD	12/7/22		0	233RC			40	170			
17	HFD	12/7/22		0	233RC			60	177			
17	HFD	12/7/22		0	233RC			90	169			
17	HFD	12/7/22		0	233RC			120	145			
17	HFD	12/7/22		0	233RC							
17	HFD	12/7/22	28.82	115.28	233BC			0	137			
17	HFD	12/7/22		0	233BC			20	170			
17	HFD	12/7/22		0	233BC			40	197			
17	HFD	12/7/22		0	233BC			60	152			
17	HFD	12/7/22		0	233BC			90	167			
17	HFD	12/7/22		0	233BC			120	135			
17	HFD	12/7/22		0	233BC							
17	HFD	12/7/22	37.72	150.88	234LC			0	168			
17	HFD	12/7/22		0	234LC			20	203			
17	HFD	12/7/22		0	234LC			40	188			
17	HFD	12/7/22		0	234LC			60	172			
17	HFD	12/7/22		0	234LC			90	167			
17	HFD	12/7/22		0	234LC			120	137			
17	HFD	12/7/22		0	234LC							
17	HFD	12/7/22	35.25	141	234RC			0	114			
17	HFD	12/7/22		0	234RC			20	195			
17	HFD	12/7/22		0	234RC			40	200			
17	HFD	12/7/22		0	234RC			60	181			
17	HFD	12/7/22		0	234RC			90	152			
17	HFD	12/7/22		0	234RC			120	161			
17	HFD	12/7/22		0	234RC							
17	HFD	12/7/22	40.02	160.08	234BC			0	128			
17	HFD	12/7/22		0	234BC			20	174			
17	HFD	12/7/22		0	234BC			40	232			
17	HFD	12/7/22		0	234BC			60	170			
17	HFD	12/7/22		0	234BC			90	145			
17	HFD	12/7/22		0	234BC			120	179			
17	HFD	12/7/22		0	234BC							
17	HFD	12/7/22	40.8	163.2	234LP			0	168			
17	HFD	12/7/22		0	234LP			20	193			
17	HFD	12/7/22		0	234LP			40	264			
17	HFD	12/7/22		0	234LP			60	202			
17	HFD	12/7/22		0	234LP			90	174			
17	HFD	12/7/22		0	234LP			120	135			
17	HFD	12/7/22		0	234LP							
17	HFD	12/7/22	44.02	176.08	234RP			0	222			
17	HFD	12/7/22		0	234RP			20	298			
17	HFD	12/7/22		0	234RP			40	173			
17	HFD	12/7/22		0	234RP			60	248			
17	HFD	12/7/22		0	234RP			90	222			
17	HFD	12/7/22		0	234RP			120	180			
17	HFD	12/7/22		0	234RP							
17	HFD	12/7/22	27.5	110	236LC			0	127			
17	HFD	12/7/22		0	236LC			20	187			
17	HFD	12/7/22		0	236LC			40	146			
17	HFD	12/7/22		0	236LC			60	149			
17	HFD	12/7/22		0	236LC			90	144			
17	HFD	12/7/22		0	236LC			120	113			
17	HFD	12/7/22		0	236LC							
17	HFD	12/7/22	29.1	116.4	236RC			0	146			
17	HFD	12/7/22		0	236RC			20	216			
17	HFD	12/7/22		0	236RC			40	194			
17	HFD	12/7/22		0	236RC			60	164			
17	HFD	12/7/22		0	236RC			90	144			
17	HFD	12/7/22		0	236RC			120	134			
17	HFD	12/7/22		0	236RC							
17	HFD	12/7/22	28.8	115.2	236BC			0	155			
17	HFD	12/7/22		0	236BC			20	217			
17	HFD	12/7/22		0	236BC			40	125			
17	HFD	12/7/22		0	236BC			60	147			
17	HFD	12/7/22		0	236BC			90	142			
17	HFD	12/7/22		0	236BC			120	134			
17	HFD	12/7/22		0	236BC							
17	HFD	12/7/22	24.9	99.6	236RCLP			0	59			
17	HFD	12/7/22		0	236RCLP			20	202			
17	HFD	12/7/22		0	236RCLP			40	144			
17	HFD	12/7/22		0	236RCLP			60	131			
17	HFD	12/7/22		0	236RCLP			90	125			
17	HFD	12/7/22		0	236RCLP			120	125			
17	HFD	12/7/22		0	236RCLP							
17	HFD	12/7/22	22.6	90.4	236RP			0	143			
17	HFD	12/7/22		0	236RP			20	303			
17	HFD	12/7/22		0	236RP			40	173			
17	HFD	12/7/22		0	236RP			60	236			
17	HFD	12/7/22		0	236RP			90	170			
17	HFD	12/7/22		0	236RP			120	173			
17	HFD	12/7/22		0	236RP							
17	HFD	12/7/22	40.29	161.16	237LC			0	138			
17	HFD	12/7/22		0	237LC			20	225			
17	HFD	12/7/22		0	237LC			40	184			
17	HFD	12/7/22		0	237LC			60	182			
17	HFD	12/7/22		0	237LC			90	171			
17	HFD	12/7/22		0	237LC			120	165			
17	HFD	12/7/22		0	237LC							
17	HFD	12/7/22	42.6	170.4	237RC			0	152			
17	HFD	12/7/22		0	237RC			20	239			
17	HFD	12/7/22		0	237RC			40	153			
17	HFD	12/7/22		0	237RC			60	191			
17	HFD	12/7/22		0	237RC			90	160			
17	HFD	12/7/22		0	237RC			120	153			
17	HFD	12/7/22		0	237RC							
17	HFD	12/7/22	43.25	173	237BC			0	128			
17	HFD	12/7/22		0	237BC			20	167			
17	HFD	12/7/22		0	237BC			40	207			
17	HFD	12/7/22		0	237BC			60	164			
17	HFD	12/7/22		0	237BC			90	140			
17	HFD	12/7/22		0	237BC			120	159			
17	HFD	12/7/22		0	237BC							
17	HFD	12/7/22	40.43	161.72	237LP			0	135			
17	HFD	12/7/22		0	237LP			20	363			
17	HFD	12/7/22		0	237LP			40	163			
17	HFD	12/7/22		0	237LP			60	155			
17	HFD	12/7/22		0	237LP			90	163			
17	HFD	12/7/22		0	237LP			120	155			
17	HFD	12/7/22		0	237LP							
17	HFD	12/7/22	41.06	164.24	237RP			0	148			
17	HFD	12/7/22		0	237RP			20	254			
17	HFD	12/7/22		0	237RP			40	227			
17	HFD	12/7/22		0	237RP			60	200			
17	HFD	12/7/22		0	237RP			90	149			
17	HFD	12/7/22		0	237RP			120	101			
17	HFD	12/7/22		0	237RP							
17	HFD	12/7/22	23.3	93.2	238LC			0	93			
17	HFD	12/7/22		0	238LC			20	220			
17	HFD	12/7/22		0	238LC			40	154			
17	HFD	12/7/22		0	238LC			60	146			
17	HFD	12/7/22		0	238LC			90	128			
17	HFD	12/7/22		0	238LC			120	117			
17	HFD	12/7/22		0	238LC							
17	HFD	12/7/22	23.9	95.6	238RC			0	99			
17	HFD	12/7/22		0	238RC			20	187			
17	HFD	12/7/22		0	238RC			40	279			
17	HFD	12/7/22		0	238RC			60	163			
17	HFD	12/7/22		0	238RC			90	140			
17	HFD	12/7/22		0	238RC			120	103			
17	HFD	12/7/22		0	238RC							
17	HFD	12/7/22	24.3	97.2	238BC			0	102			
17	HFD	12/7/22		0	238BC			20	170			
17	HFD	12/7/22		0	238BC			40	257			
17	HFD	12/7/22		0	238BC			60	155			
17	HFD	12/7/22		0	238BC			90	151			
17	HFD	12/7/22		0	238BC			120	137			
17	HFD	12/7/22		0	238BC							
17	HFD	12/7/22		0	239LC			0	157			
17	HFD	12/7/22		0	239LC			20	296			
17	HFD	12/7/22		0	239LC			40	264			
17	HFD	12/7/22		0	239LC			60	238			
17	HFD	12/7/22		0	239LC			90	194			
17	HFD	12/7/22		0	239LC			120	159			
17	HFD	12/7/22		0	239LC							
17	HFD	12/7/22	37.2	148.8	239RC			0	206			
17	HFD	12/7/22		0	239RC			20	249			
17	HFD	12/7/22		0	239RC			40	315			
17	HFD	12/7/22		0	239RC			60	315			
17	HFD	12/7/22		0	239RC			90	251			
17	HFD	12/7/22		0	239RC			120	209			
17	HFD	12/7/22		0	239RC							
17	HFD	12/7/22	24.1	96.4	239BC			0	129			
17	HFD	12/7/22		0	239BC			20	222			
17	HFD	12/7/22		0	239BC			40	266			
17	HFD	12/7/22		0	239BC			60	351			
17	HFD	12/7/22		0	239BC			90	384			
17	HFD	12/7/22		0	239BC			120	450			
17	HFD	12/7/22		0	239BC							
17	HFD	12/7/22	27.3	109.2	239LP			0	121			
17	HFD	12/7/22		0	239LP			20	261			
17	HFD	12/7/22		0	239LP			40	183			
17	HFD	12/7/22		0	239LP			60	298			
17	HFD	12/7/22		0	239LP			90	311			
17	HFD	12/7/22		0	239LP			120	298			
17	HFD	12/7/22		0	239LP							
17	HFD	12/7/22	42.3	169.2	239RP			0	157			
17	HFD			0	239RP			20				
17	HFD			0	239RP			40	178			
17	HFD			0	239RP			60	147			
17	HFD			0	239RP			90				
17	HFD			0	239RP			120				
17	HFD			0	239RP							
17	HFD		44.17	176.68	240LC			0	221			
17	HFD			0	240LC			20	321			
17	HFD			0	240LC			40	298			
17	HFD			0	240LC			60	269			
17	HFD			0	240LC			90	247			
17	HFD			0	240LC			120	197			
17	HFD			0	240LC							
17	HFD		38.31	153.24	240RC			0	140			
17	HFD			0	240RC			20	246			
17	HFD			0	240RC			40	253			
17	HFD			0	240RC			60	268			
17	HFD			0	240RC			90	300			
17	HFD			0	240RC			120	151			
17	HFD			0	240RC							
17	HFD			0	240BC			0				
17	HFD			0	240BC			20				
17	HFD			0	240BC			40				
17	HFD			0	240BC			60				
17	HFD			0	240BC			90				
17	HFD			0	240BC			120				
17	HFD			0	240BC							
17	HFD		38.71	154.84	240LP			0	153			
17	HFD				240LP			20	239			
17	HFD			0	240LP			40	302			
17	HFD			0	240LP			60	206			
17	HFD			0	240LP			90	173			
17	HFD			0	240LP			120	174			
17	HFD			0	240LP							
17	HFD		44.9	179.6	241LC			0	113			
17	HFD			0	241LC			20	224			
17	HFD			0	241LC			40	225			
17	HFD			0	241LC			60	172			
17	HFD			0	241LC			90	193			
17	HFD			0	241LC			120	131			
17	HFD			0	241LC							
17	HFD		44.46	177.84	241RC			0	132			
17	HFD			0	241RC			20	204			
17	HFD			0	241RC			40	203			
17	HFD			0	241RC			60	179			
17	HFD			0	241RC			90	191			
17	HFD			0	241RC			120	149			
17	HFD			0	241RC							
17	HFD		42.2	168.8	241BC			0	125			
17	HFD			0	241BC			20	234			
17	HFD			0	241BC			40	185			
17	HFD			0	241BC			60	166			
17	HFD			0	241BC			90	174			
17	HFD			0	241BC			120	114			
17	HFD			0	241BC							
17	HFD		40.64	162.56	242LC			0	139			
17	HFD			0	242LC			20	257			
17	HFD			0	242LC			40	265			
17	HFD			0	242LC			60	137			
17	HFD			0	242LC			90	288			
17	HFD			0	242LC			120	229			
17	HFD			0	242LC							
17	HFD		42.39	169.56	242RC			0	136			
17	HFD			0	242RC			20	217			
17	HFD			0	242RC			40	146			
17	HFD			0	242RC			60	138			
17	HFD			0	242RC			90				
17	HFD			0	242RC			120	121			
17	HFD			0	242RC							
17	HFD		38.2	152.8	242BC			0	129			
17	HFD			0	242BC			20	258			
17	HFD			0	242BC			40	311			
17	HFD			0	242BC			60	295			
17	HFD			0	242BC			90	448			
17	HFD			0	242BC			120	454			
17	HFD			0	242BC							
17	HFD		43.4	173.6	242LP			0	111			
17	HFD			0	242LP			20	144			
17	HFD			0	242LP			40	129			
17	HFD			0	242LP			60	116			
17	HFD			0	242LP			90	139			
17	HFD			0	242LP			120	135			
17	HFD			0	242LP							
17	HFD		32.2	128.8	242RP			0	142			
17	HFD			0	242RP			20	216			
17	HFD			0	242RP			40	152			
17	HFD			0	242RP			60	143			
17	HFD			0	242RP			90	153			
17	HFD			0	242RP			120	158			
17	HFD			0	242RP							
17	HFD		24.7	98.8	243LC			0	116			
17	HFD			0	243LC			20	212			
17	HFD			0	243LC			40	174			
17	HFD			0	243LC			60	151			
17	HFD			0	243LC			90	141			
17	HFD			0	243LC			120	121			
17	HFD			0	243LC							
17	HFD		24.11	96.44	243RC			0	125			
17	HFD			0	243RC			20	166			
17	HFD			0	243RC			40	142			
17	HFD			0	243RC			60	116			
17	HFD			0	243RC			90	123			
17	HFD			0	243RC			120	101			
17	HFD			0	243RC							
17	HFD		23.24	92.96	243BC			0	80			
17	HFD			0	243BC			20	247			
17	HFD			0	243BC			40	167			
17	HFD			0	243BC			60	148			
17	HFD			0	243BC			90	147			
17	HFD			0	243BC			120	127			
17	HFD			0	243BC							
17	HFD		30.3	121.2	243LP			0	112			
17	HFD			0	243LP			20	251			
17	HFD			0	243LP			40	210			
17	HFD			0	243LP			60	152			
17	HFD			0	243LP			90	186			
17	HFD			0	243LP			120	117			
17	HFD			0	243LP							
17	HFD		25.1	100.4	243RP			0	109			
17	HFD			0	243RP			20	167			
17	HFD			0	243RP			40	130			
17	HFD			0	243RP			60	110			
17	HFD			0	243RP			90	111			
17	HFD			0	243RP			120	107			
17	HFD			0	243RP							
17	HFD		42.1	168.4	244LC			0	146			
17	HFD			0	244LC			20	196			
17	HFD			0	244LC			40	146			
17	HFD			0	244LC			60	139			
17	HFD			0	244LC			90	159			
17	HFD			0	244LC			120	135			
17	HFD			0	244LC							
17	HFD		40.4	161.6	244RC			0	110			
17	HFD			0	244RC			20	170			
17	HFD			0	244RC			40	197			
17	HFD			0	244RC			60	130			
17	HFD			0	244RC			90	152			
17	HFD			0	244RC			120	134			
17	HFD			0	244RC							
17	HFD		42.75	171	244BC			0	107			
17	HFD			0	244BC			20	233			
17	HFD			0	244BC			40	268			
17	HFD			0	244BC			60	137			
17	HFD			0	244BC			90	145			
17	HFD			0	244BC			120	114			
17	HFD			0	244BC							
17	HFD		28.1	112.4	245LC			0	120			
17	HFD			0	245LC			20	120			
17	HFD			0	245LC			40	148			
17	HFD			0	245LC			60	140			
17	HFD			0	245LC			90	136			
17	HFD			0	245LC			120	114			
17	HFD			0	245LC							
17	HFD		31.15	124.6	245RC			0	106			
17	HFD			0	245RC			20	141			
17	HFD			0	245RC			40	149			
17	HFD			0	245RC			60	134			
17	HFD			0	245RC			90	137			
17	HFD			0	245RC			120	124			
17	HFD			0	245RC							
17	HFD		24.25	97	245BC			0	84			
17	HFD			0	245BC			20	178			
17	HFD			0	245BC			40	133			
17	HFD			0	245BC			60	155			
17	HFD			0	245BC			90	125			
17	HFD			0	245BC			120	110			
17	HFD			0	245BC							
17	HFD		26.6	106.4	245LP			0	85			
17	HFD			0	245LP			20	170			
17	HFD			0	245LP			40	177			
17	HFD			0	245LP			60	122			
17	HFD			0	245LP			90	125			
17	HFD			0	245LP			120	95			
17	HFD			0	245LP							
17	HFD		25.9	103.6	245RP			0	114			
17	HFD			0	245RP			20	167			
17	HFD			0	245RP			40	134			
17	HFD			0	245RP			60	138			
17	HFD			0	245RP			90	100			
17	HFD			0	245RP			120				
17	HFD			0	245RP							
17	HFD		31.3	125.2	247LCRN			0	103			
17	HFD			0	247LCRN			20	256			
17	HFD			0	247LCRN			40	147			
17	HFD			0	247LCRN			60	114			
17	HFD			0	247LCRN			90	131			
17	HFD			0	247LCRN			120	109			
17	HFD			0	247LCRN							
17	HFD		27.22	108.88	247RC			0	123		Outlier	glucose may not have gone in
17	HFD			0	247RC			20	183			
17	HFD			0	247RC			40	167			
17	HFD			0	247RC			60	133			
17	HFD			0	247RC			90	148			
17	HFD			0	247RC			120	120			
17	HFD			0	247RC							
17	HFD		30.7	122.8	247BC			0	115			
17	HFD			0	247BC			20	121			
17	HFD			0	247BC			40	132			
17	HFD			0	247BC			60	139			
17	HFD			0	247BC			90				
17	HFD			0	247BC			120	111			
17	HFD			0	247BC							
17	HFD		27.4	109.6	249LC			0	129			
17	HFD			0	249LC			20				
17	HFD			0	249LC			40	157			
17	HFD			0	249LC			60	133			
17	HFD			0	249LC			90	140			
17	HFD			0	249LC			120	104			
17	HFD			0	249LC							
17	HFD		19.9	79.6	249RC			0	117			
17	HFD			0	249RC			20				
17	HFD			0	249RC			40	177			
17	HFD			0	249RC			60	187			
17	HFD			0	249RC			90	134			
17	HFD			0	249RC			120	140			
17	HFD			0	249RC							
17	HFD		31.8	127.2	249BC			0	179			
17	HFD			0	249BC			20				
17	HFD			0	249BC			40	185			
17	HFD			0	249BC			60	187			
17	HFD			0	249BC			90	164			
17	HFD				249BC			120	136			
17	HFD				249BC							